,input_volume,output_volume,peak_meamory
0,0.000780106,0.063587189,13.666992188
1,0.000780106,0.136097908,13.666992188
2,0.001560211,0.272047997,13.666992188
